id,valid_ratio,valid_count,non_match_count,match_ratio,response_count,match_count,anagram_x,correct,response1,response2,response3,response4,response5,response6,response7,response8,response9,response10
001,0.5,3,3,0.5,6,3,otbau,about,about,batou,aotbu,bat,about,about,,,,
002,0.8333333333333334,5,1,0.8333333333333334,6,5,yeowll,yellow,yellow,yellow,yellow,yeow,yellow,yellow,,,,
003,0.6666666666666666,4,2,0.6666666666666666,6,4,lilts,still,still,still,tils,slit,still,still,,,,
004,0.8333333333333334,5,4,0.3333333333333333,6,2,eorv,over,rove,rove,vore,rove,over,over,,,,
005,0.8333333333333334,5,1,0.8333333333333334,6,5,eanrl,learn,learn,learn,learn,reak,learn,learn,,,,
006,0.6666666666666666,4,3,0.5,6,3,ilervs,silver,silver,silver,lervis,liver,silver,livers,,,,
007,0.3333333333333333,2,4,0.3333333333333333,6,2,adorab,abroad,abroad,badora,adorab,bad,abroad,abroade,,,,
008,0.5,3,4,0.3333333333333333,6,2,saol,also,also,laos,loas,ola,laso,also,,,,
009,1.0,6,3,0.5,6,3,trehe,there,there,three,three,there,three,there,,,,
010,0.6666666666666666,4,2,0.6666666666666666,6,4,iethr,their,their,their,eithr,their,either,their,,,,
011,1.0,6,0,1.0,6,6,enhw,when,when,when,when,when,when,when,,,,
012,0.5,3,3,0.5,6,3,gjlenu,jungle,jungle,jungle,enugil,gel,jugle,jungle,,,,
013,1.0,6,0,1.0,6,6,eryv,very,very,very,very,very,very,very,,,,
014,0.8333333333333334,5,1,0.8333333333333334,6,5,latnp,plant,plant,plant,pantl,plant,plant,plant,,,,
015,0.8333333333333334,5,3,0.5,6,3,hgtin,thing,thing,thing,tighg,night,night,thing,,,,
016,0.8333333333333334,5,1,0.8333333333333334,6,5,ufselu,useful,useful,useful,useful,eluf,useful,useful,,,,
017,0.6666666666666666,4,2,0.6666666666666666,6,4,hhaelt,health,health,health,healt,halt,health,health,,,,
018,0.8333333333333334,5,3,0.5,6,3,grael,large,lager,large,gael,lager,large,large,,,,
019,1.0,6,1,0.8333333333333334,6,5,mite,time,time,time,mite,time,time,time,,,,
020,0.6666666666666666,4,2,0.6666666666666666,6,4,leacp,place,place,place,peacl,leap,place,place,,,,
021,0.5,3,3,0.5,6,3,ffctee,effect,effect,etecff,fetect,feet,effect,effect,,,,
022,0.8333333333333334,5,1,0.8333333333333334,6,5,bjecto,object,object,object,object,job,object,object,,,,
023,1.0,6,0,1.0,6,6,osme,some,some,some,some,some,some,some,,,,
024,0.6666666666666666,4,2,0.6666666666666666,6,4,ginaa,again,again,again,niaga,agina,again,again,,,,
025,0.6666666666666666,4,2,0.6666666666666666,6,4,ewtlha,wealth,wealth,wealth,thewl,heat,wealth,wealth,,,,
026,0.6666666666666666,4,3,0.5,6,3,tderes,desert,rested,desert,tedres,dret,desert,desert,,,,
027,0.5,3,3,0.5,6,3,ncotai,action,action,tocnai,cotain,cant,action,action,,,,
028,0.8333333333333334,5,3,0.5,6,3,eehrt,three,three,three,heert,there,three,there,,,,
029,1.0,6,1,0.8333333333333334,6,5,konw,know,know,know,know,wonk,know,know,,,,
030,0.6666666666666666,4,2,0.6666666666666666,6,4,eclcri,circle,circle,celeri,circle,clerc,circle,circle,,,,
031,0.8333333333333334,5,1,0.8333333333333334,6,5,ktihn,think,think,think,ithhe,think,think,think,,,,
032,0.6666666666666666,4,2,0.6666666666666666,6,4,nhgace,change,change,change,grace,can,change,change,,,,
033,1.0,6,0,1.0,6,6,evyre,every,every,every,every,every,every,every,,,,
034,0.8333333333333334,5,2,0.6666666666666666,6,4,husoe,house,house,house,House,hose,house,house,,,,
035,0.8333333333333334,5,1,0.8333333333333334,6,5,vgie,give,give,give,grie,give,give,give,,,,
036,1.0,6,4,0.3333333333333333,6,2,mfor,from,from,form,form,form,from,form,,,,
037,0.8333333333333334,5,2,0.6666666666666666,6,4,ponti,point,point,piton,point,not,point,point,,,,
038,0.6666666666666666,4,5,0.16666666666666666,6,1,dolcu,could,could,cloud,docul,cold,cloud,cloud,,,,
039,0.8333333333333334,5,1,0.8333333333333334,6,5,peleop,people,people,people,people,peel,people,people,,,,
040,1.0,6,0,1.0,6,6,hwat,what,what,what,what,what,what,what,,,,
041,0.8333333333333334,5,3,0.5,6,3,itno,into,into,noit,into,tino,into,oint,,,,
042,0.6666666666666666,4,2,0.6666666666666666,6,4,gltihf,flight,flight,flight,light,flight,flight,filthy,,,,
043,1.0,6,3,0.5,6,3,omer,more,more,rome,more,rome,rome,more,,,,
044,0.8333333333333334,5,2,0.6666666666666666,6,4,ysdtu,study,study,study,tusdy,dusty,study,study,,,,
045,1.0,6,0,1.0,6,6,ttha,that,that,that,that,that,that,that,,,,
046,1.0,6,0,1.0,6,6,heav,have,have,have,have,have,have,have,,,,
047,0.5,3,4,0.3333333333333333,6,2,hotre,other,other,throe,treho,hot,thero,other,,,,
048,0.8333333333333334,5,1,0.8333333333333334,6,5,onusd,sound,sound,sound,sound,udon,sound,sound,,,,
049,1.0,6,0,1.0,6,6,antw,want,want,want,want,want,want,want,,,,
050,1.0,6,1,0.8333333333333334,6,5,hwti,with,with,with,with,whit,with,with,,,,
051,1.0,6,4,0.3333333333333333,6,2,sheet,these,these,these,sheet,sheet,sheet,sheet,,,,
052,0.8333333333333334,5,1,0.8333333333333334,6,5,akbc,back,back,back,bbakc,back,back,back,,,,
053,1.0,6,0,1.0,6,6,tyeh,they,they,they,they,they,they,they,,,,
054,0.6666666666666666,4,2,0.6666666666666666,6,4,azutrq,quartz,quartz,quartz,qazutr,quart,quartz,quartz,,,,
055,0.8333333333333334,5,1,0.8333333333333334,6,5,uavcmu,vacuum,vacuum,vacuum,vacuum,vaccum,vacuum,vacuum,,,,
056,1.0,6,0,1.0,6,6,iwll,will,will,will,will,will,will,will,,,,
057,0.6666666666666666,4,2,0.6666666666666666,6,4,llpse,spell,spell,spell,pilse,pell,spell,spell,,,,
058,0.5,3,3,0.5,6,3,eatrf,after,after,featr,featr,eat,after,after,,,,
059,1.0,6,0,1.0,6,6,enht,then,then,then,then,then,then,then,,,,
060,0.6666666666666666,4,2,0.6666666666666666,6,4,tnurea,nature,nature,nature,tundre,turn,nature,nature,,,,
061,0.6666666666666666,4,2,0.6666666666666666,6,4,beoav,above,above,above,above,abe,abovd,above,,,,
062,0.6666666666666666,4,2,0.6666666666666666,6,4,emdtho,method,method,method,emdtho,thod,method,method,,,,
063,1.0,6,0,1.0,6,6,oruy,your,your,your,your,your,your,your,,,,
064,1.0,6,5,0.16666666666666666,6,1,itsh,this,hits,this,shit,shit,shit,shit,,,,
065,1.0,6,0,1.0,6,6,iansld,island,island,island,island,island,island,island,,,,
066,0.8333333333333334,5,1,0.8333333333333334,6,5,hemt,them,them,them,temp,them,them,them,,,,
067,0.6666666666666666,4,2,0.6666666666666666,6,4,lmsal,small,small,small,samll,small,small,Islam,,,,
068,0.8333333333333334,5,2,0.6666666666666666,6,4,sitrf,first,first,first,stiff,rifts,first,first,,,,
069,0.8333333333333334,5,4,0.3333333333333333,6,2,gthir,right,girth,girth,thgir,right,right,girth,,,,
070,0.6666666666666666,4,2,0.6666666666666666,6,4,ygeren,energy,energy,energy,green,regen,energy,energy,,,,
071,0.8333333333333334,5,3,0.5,6,3,uhcm,much,much,chum,cuhm,chum,much,much,,,,
072,0.6666666666666666,4,3,0.5,6,3,ofndu,found,found,fondu,Dufon,fond,found,found,,,,
073,0.6666666666666666,4,4,0.3333333333333333,6,2,oblwe,below,elbow,bowel,olwbe,blow,below,below,,,,
074,0.6666666666666666,4,3,0.5,6,3,rebeez,breeze,breeze,breeze,beezre,beer,beezer,breeze,,,,
075,0.8333333333333334,5,1,0.8333333333333334,6,5,daaemg,damage,damage,damage,megaad,damage,damage,damage,,,,
076,0.6666666666666666,4,2,0.6666666666666666,6,4,erlvat,travel,travel,travel,lervat,travel,travel,revalt,,,,
077,0.6666666666666666,4,2,0.6666666666666666,6,4,uebtay,beauty,beauty,beauty,tubay,bet,beauty,beauty,,,,
078,0.8333333333333334,5,1,0.8333333333333334,6,5,dlqiui,liquid,liquid,liquid,quidli,liquid,liquid,liquid,,,,
079,0.6666666666666666,4,3,0.5,6,3,oredcr,record,record,record,order,cred,record,corder,,,,
080,0.5,3,3,0.5,6,3,keelrn,kernel,renkle,kernel,nrikee,kneel,kernel,kernel,,,,
081,0.6666666666666666,4,2,0.6666666666666666,6,4,rwohgt,growth,growth,growth,wroght,how,growth,growth,,,,
082,1.0,6,0,1.0,6,6,tkea,take,take,take,take,take,take,take,,,,
083,1.0,6,1,0.8333333333333334,6,5,stmo,most,most,most,toms,most,most,most,,,,
084,1.0,6,0,1.0,6,6,txet,text,text,text,text,text,text,text,,,,
085,1.0,6,0,1.0,6,6,lkie,like,like,like,like,like,like,like,,,,
086,0.5,3,3,0.5,6,3,przhye,zephyr,zephyr,zephyr,pzhye,yep,phyzre,zephyr,,,,
087,1.0,6,1,0.8333333333333334,6,5,gtrae,great,great,great,great,great,great,grate,,,,
088,0.8333333333333334,5,1,0.8333333333333334,6,5,tahn,than,than,than,than,than,than,thjan,,,,
089,0.8333333333333334,5,3,0.5,6,3,eenrv,never,nerve,never,veen,nerve,never,never,,,,
090,0.6666666666666666,4,2,0.6666666666666666,6,4,wdno,down,down,down,wond,won,down,down,,,,
091,1.0,6,0,1.0,6,6,ndif,find,find,find,find,find,find,find,,,,
092,0.5,3,4,0.3333333333333333,6,2,ripeem,empire,premie,empire,empire,mippe,prime,idk,,,,
093,0.6666666666666666,4,2,0.6666666666666666,6,4,faodfr,afford,afford,afford,afford,frodo,fo,afford,,,,
094,1.0,6,0,1.0,6,6,rrmoir,mirror,mirror,mirror,mirror,mirror,mirror,mirror,,,,
095,0.6666666666666666,4,2,0.6666666666666666,6,4,yyrale,yearly,yearly,yearly,yearly,rayyle,yearly,idk,,,,
096,0.8333333333333334,5,1,0.8333333333333334,6,5,twire,write,write,wirte,write,write,write,write,,,,
097,0.8333333333333334,5,1,0.8333333333333334,6,5,oyugn,young,young,young,young,yug,young,young,,,,
098,0.7142857142857143,5,2,0.7142857142857143,7,5,htigl,light,light,light,light,light,light,gihlt,,,,
099,0.6666666666666666,4,2,0.6666666666666666,6,4,wteall,wallet,wallet,wallet,wallet,tallew,wall,wallet,,,,
100,1.0,6,0,1.0,6,6,brorha,harbor,harbor,harbor,harbor,harbor,harbor,harbor,,,,
101,0.5,3,3,0.5,6,3,ecagrh,charge,greach,charge,charge,scarh,ch,charge,,,,
102,1.0,6,0,1.0,6,6,eevn,even,even,even,even,even,even,even,,,,
103,0.8333333333333334,5,1,0.8333333333333334,6,5,ofcife,office,office,office,office,office,c,office,,,,
104,0.6666666666666666,4,2,0.6666666666666666,6,4,higts,sight,sight,sight,sight,tights,sight,tighs,,,,
105,0.5,3,3,0.5,6,3,tfhrea,father,father,farther,father,three,father,feather,,,,
106,1.0,6,1,0.8333333333333334,6,5,ecfa,face,face,cafe,face,face,face,face,,,,
107,0.8333333333333334,5,3,0.5,6,3,leiv,live,veil,live,live,live,evil,viel,,,,
108,0.8333333333333334,5,1,0.8333333333333334,6,5,mihgt,might,might,might,might,night,might,might,,,,
109,1.0,6,1,0.8333333333333334,6,5,niel,line,line,line,line,line,line,lien,,,,
110,0.8333333333333334,5,1,0.8333333333333334,6,5,lalc,call,call,call,call,call,call,calc,,,,
111,1.0,6,0,1.0,6,6,elvo,love,love,love,love,love,love,love,,,,
112,0.8333333333333334,5,1,0.8333333333333334,6,5,ielhw,while,while,while,while,while,while,idk,,,,
113,1.0,6,0,1.0,6,6,phel,help,help,help,help,help,help,help,,,,
114,0.8333333333333334,5,1,0.8333333333333334,6,5,odlwu,would,would,would,would,old,would,would,,,,
115,1.0,6,1,0.8333333333333334,6,5,atrts,start,start,start,start,tarts,start,start,,,,
116,0.8333333333333334,5,6,0.0,6,0,genrad,garden,danger,danger,grande,red,danger,danger,,,,
117,1.0,6,0,1.0,6,6,ehwti,white,white,white,white,white,white,white,,,,
118,1.0,6,5,0.16666666666666666,6,1,eflt,left,left,felt,felt,felt,felt,felt,,,,
119,1.0,6,0,1.0,6,6,wihhc,which,which,which,which,which,which,which,,,,
120,1.0,6,2,0.6666666666666666,6,4,ruesp,super,super,purse,purse,super,super,super,,,,
121,1.0,6,0,1.0,6,6,vome,move,move,move,move,move,move,move,,,,
122,0.8333333333333334,5,3,0.5,6,3,rnut,turn,turnj,turn,runt,turn,turn,runt,,,,
123,1.0,6,0,1.0,6,6,vnisoi,vision,vision,vision,vision,vision,vision,vision,,,,
124,1.0,6,0,1.0,6,6,emse,seem,seem,seem,seem,seem,seem,seem,,,,
125,0.6666666666666666,4,2,0.6666666666666666,6,4,weset,sweet,sweet,sweet,sweet,sete,sweet,idk,,,,
126,1.0,6,0,1.0,6,6,awya,away,away,away,away,away,away,away,,,,
127,1.0,6,0,1.0,6,6,atkl,talk,talk,talk,talk,talk,talk,talk,,,,
128,1.0,6,0,1.0,6,6,ewrhe,where,where,where,where,where,where,where,,,,
129,1.0,6,0,1.0,6,6,jniruy,injury,injury,injury,injury,injury,injury,injury,,,,
130,1.0,6,0,1.0,6,6,kuicq,quick,quick,quick,quick,quick,quick,quick,,,,
131,0.5,3,3,0.5,6,3,priist,spirit,sirtip,spirit,spirit,trisp,spirit,tisipr,,,,
132,1.0,6,4,0.3333333333333333,6,2,agpe,page,gape,gape,page,page,gape,gape,,,,
133,0.8333333333333334,5,1,0.8333333333333334,6,5,paly,play,play,play,play,palu,play,play,,,,
134,0.5,3,3,0.5,6,3,cekjta,jacket,jacke,jacket,jacket,jeck,.,jacket,,,,
135,1.0,6,1,0.8333333333333334,6,5,psto,stop,stop,post,stop,stop,stop,stop,,,,
136,0.16666666666666666,1,5,0.16666666666666666,6,1,anlxie,xenial,lanxie,axel,xenial,lnd,?,idk,,,,
137,1.0,6,2,0.6666666666666666,6,4,eelf,feel,flee,feel,flee,feel,feel,feel,,,,
138,0.8333333333333334,5,2,0.6666666666666666,6,4,lneeed,needle,indeed,needle,needle,needle,needle,lendee,,,,
139,0.6666666666666666,4,2,0.6666666666666666,6,4,mrtpio,import,import,import,import,portion,import,tormip,,,,
140,0.5,3,3,0.5,6,3,dptuae,update,daptua,update,update,tuap,update,puated,,,,
141,0.8333333333333334,5,1,0.8333333333333334,6,5,lissof,fossil,fossil,fossil,fossil,soil,fossil,fossil,,,,
142,1.0,6,2,0.6666666666666666,6,4,tpra,part,trap,part,part,part,trap,part,,,,
143,0.6666666666666666,4,5,0.16666666666666666,6,1,dgrnae,danger,garden,grenade,danger,raemd,garden,grande,,,,
144,0.8333333333333334,5,4,0.3333333333333333,6,2,gener,green,green,genre,genre,gener,reneg,green,,,,
145,0.5,3,3,0.5,6,3,aecrl,clear,larce,clear,clear,creal,clear,larce,,,,
146,0.5,3,3,0.5,6,3,klelri,killer,killer,killer,killer,rilkke,k,idk,,,,
147,1.0,6,0,1.0,6,6,yotsr,story,story,story,story,story,story,story,,,,
148,1.0,6,3,0.5,6,3,ekpe,keep,peek,peek,keep,keep,peek,keep,,,,
149,0.6666666666666666,4,2,0.6666666666666666,6,4,evuqri,quiver,quiver,quiver,quiver,euvwui,quiver,viequr,,,,
150,1.0,6,0,1.0,6,6,yict,city,city,city,city,city,city,city,,,,
151,1.0,6,0,1.0,6,6,nowbr,brown,brown,brown,brown,brown,brown,brown,,,,
152,0.8333333333333334,5,1,0.8333333333333334,6,5,ocdiaz,zodiac,zodiac,zodiac,zodiac,diaz,zodiac,zodiac,,,,
153,1.0,6,2,0.6666666666666666,6,4,iuteq,quiet,quite,quiet,quiet,quite,quiet,quiet,,,,
154,1.0,6,0,1.0,6,6,rdah,hard,hard,hard,hard,hard,hard,hard,,,,
155,1.0,6,6,0.0,6,0,uqiet,quite,quiet,quiet,quiet,quiet,quiet,quiet,,,,
156,1.0,6,0,1.0,6,6,eocm,come,come,come,come,come,come,come,,,,
157,0.6666666666666666,4,2,0.6666666666666666,6,4,nderu,under,under,under,under,rnde,under,ruden,,,,
158,0.8333333333333334,5,1,0.8333333333333334,6,5,meltep,temple,temple,temple,temple,leptep,temple,temple,,,,
159,1.0,6,3,0.5,6,3,srue,sure,sure,ruse,sure,sure,user,ruse,,,,
160,0.6666666666666666,4,2,0.6666666666666666,6,4,uitrag,guitar,guitar,guitar,guitar,esksdh,guitar,idk,,,,
161,0.5,3,3,0.5,6,3,inlpec,pencil,pencil,pencil,pencil,pld,?,idk,,,,
162,0.8333333333333334,5,1,0.8333333333333334,6,5,uspl,plus,plus,plus,plus,plus,plus,lusp,,,,
163,0.6666666666666666,4,2,0.6666666666666666,6,4,hoest,those,those,those,those,those,th,idk,,,,
164,1.0,6,0,1.0,6,6,atsy,stay,stay,stay,stay,stay,stay,stay,,,,
165,0.6666666666666666,4,2,0.6666666666666666,6,4,habcrn,branch,branch,branch,branch,carndh,branch,idk,,,,
166,0.8333333333333334,5,1,0.8333333333333334,6,5,altpop,laptop,laptop,laptop,laptop,laptop,laptop,idk,,,,
167,1.0,6,2,0.6666666666666666,6,4,erad,read,read,read,read,dear,read,dare,,,,
168,1.0,6,0,1.0,6,6,hgtir,right,right,right,right,right,right,right,,,,
169,0.6666666666666666,4,2,0.6666666666666666,6,4,sdnat,stand,stand,stand,stand,nada,stand,idk,,,,
170,1.0,6,0,1.0,6,6,dnee,need,need,need,need,need,need,need,,,,
171,1.0,6,0,1.0,6,6,tnigh,night,night,night,night,night,night,night,,,,
172,0.8333333333333334,5,1,0.8333333333333334,6,5,hmerma,hammer,hammer,hammer,hammer,mereme,hammer,hammer,,,,
173,0.8333333333333334,5,1,0.8333333333333334,6,5,aklbc,black,black,black,black,lackd,black,black,,,,
174,0.8333333333333334,5,1,0.8333333333333334,6,5,aretw,water,water,water,water,taerw,water,water,,,,
175,0.8333333333333334,5,6,0.0,6,0,tsaet,state,taste,taste,taste,satte,taste,taste,,,,
176,1.0,6,0,1.0,6,6,okrw,work,work,work,work,work,work,work,,,,
177,1.0,6,0,1.0,6,6,enxt,next,next,next,next,next,next,next,,,,
178,0.8333333333333334,5,1,0.8333333333333334,6,5,wrdol,world,world,world,world,lord,world,world,,,,
179,0.5,3,3,0.5,6,3,rngay,angry,angry,garny,angry,grayn,angry,idk,,,,
180,1.0,6,0,1.0,6,6,esonra,reason,reason,reason,reason,reason,reason,reason,,,,
181,0.7777777777777778,7,2,0.7777777777777778,9,7,amyn,many,many,many,many,many,army,many,many,many,myan,
182,1.0,9,2,0.7777777777777778,9,7,ehar,hear,hare,hear,hear,hare,hear,hear,hear,hear,hear,
183,1.0,9,0,1.0,9,9,leovit,violet,violet,violet,violet,violet,violet,violet,violet,violet,violet,
184,0.5555555555555556,5,5,0.4444444444444444,9,4,htire,their,their,their,herit,thire,hire,their,retire,their,rithe,
185,0.6666666666666666,6,3,0.6666666666666666,9,6,cabneo,beacon,beacon,beacon,cabone,beacon,cabnet,beacon,beacon,beacon,cabeno,
186,0.8888888888888888,8,1,0.8888888888888888,9,8,unaitq,quaint,quaint,quaint,quaint,quaint,quanit,quaint,quaint,quaint,quaint,
187,1.0,9,3,0.6666666666666666,9,6,feil,life,life,life,file,life,Fiel,file,life,life,life,
188,1.0,9,4,0.5555555555555556,9,5,lbea,able,bale,able,able,bale,beal,bale,able,able,able,
189,0.8888888888888888,8,1,0.8888888888888888,9,8,ceeap,peace,peace,peace,peace,peace,peeca,peace,peace,peace,peace,
190,0.8888888888888888,8,3,0.6666666666666666,9,6,ensev,seven,seven,evens,seven,seven,Seven,seven,seveb,seven,seven,
191,0.6666666666666666,6,3,0.6666666666666666,9,6,tintek,kitten,kitten,kitten,inttek,kitten,think,kitten,kitten,kitten,kinett,
192,1.0,9,0,1.0,9,9,btse,best,best,best,best,best,best,best,best,best,best,
193,0.8888888888888888,8,1,0.8888888888888888,9,8,nhakt,thank,thank,thank,khant,thank,thank,thank,thank,thank,thank,
194,1.0,9,0,1.0,9,9,magtne,magnet,magnet,magnet,magnet,magnet,magnet,magnet,magnet,magnet,magnet,
195,0.6666666666666666,6,8,0.1111111111111111,9,1,ehrat,earth,reath,threat,threat,heart,heart,heart,earth,heart,heart,
196,0.8888888888888888,8,2,0.7777777777777778,9,7,tsco,cost,cost,cost,cost,scot,tsoc,cost,cost,cost,cost,
197,1.0,9,0,1.0,9,9,srhfe,fresh,fresh,fresh,fresh,fresh,fresh,fresh,fresh,fresh,fresh,
198,0.6666666666666666,6,3,0.6666666666666666,9,6,eedgln,legend,legend,legend,legend,legend,ledgin,legend,ledgend,legend,deleng,
199,0.7777777777777778,7,2,0.7777777777777778,9,7,enses,sense,sense,sense,sense,sense,cases,sense,senses,sense,sense,
200,0.8888888888888888,8,1,0.8888888888888888,9,8,rthib,birth,birth,birth,birth,birth,Rithb,birth,birth,birth,birth,
201,1.0,9,6,0.3333333333333333,9,3,eotn,note,tone,tone,tone,tone,tone,note,note,tone,note,
202,1.0,9,2,0.7777777777777778,9,7,lsat,last,last,last,salt,last,last,last,last,salt,last,
203,0.5555555555555556,5,4,0.5555555555555556,9,5,ameg,game,mega,game,mega,mega,mega,game,game,game,game,
204,0.8888888888888888,8,1,0.8888888888888888,9,8,datoy,today,today,today,today,today,dotya,today,today,today,today,
205,0.8888888888888888,8,1,0.8888888888888888,9,8,oeph,hope,hope,hope,hope,hope,poeh,hope,hope,hope,hope,
206,0.6666666666666666,6,3,0.6666666666666666,9,6,rtidh,third,third,drift,dirth,third,right,third,third,third,third,
207,0.7777777777777778,7,2,0.7777777777777778,9,7,ujrion,junior,junior,junior,junior,junior,jurior,junior,junior,junior,joinur,
208,1.0,9,1,0.8888888888888888,9,8,nithk,think,think,think,think,think,Think,think,think,think,think,
209,1.0,9,4,0.5555555555555556,9,5,emta,team,team,team,tema,team,team,mate,team,meta,tame,
210,0.7777777777777778,7,2,0.7777777777777778,9,7,nadelc,candle,candle,candel,candle,candle,Nadelc,candle,candle,candle,candle,
211,0.5555555555555556,5,4,0.5555555555555556,9,5,inecs,since,since,since,insec,since,neics,sinec,since,since,nices,
212,0.8888888888888888,8,1,0.8888888888888888,9,8,oattl,total,total,total,total,total,autto,total,total,total,total,
213,0.6666666666666666,6,3,0.6666666666666666,9,6,cnevio,novice,conive,novice,cevenio,novice,nevio,novice,novice,novice,novice,
214,0.7777777777777778,7,6,0.3333333333333333,9,3,lrati,trial,trial,trail,ratil,trail,train,trial,trial,trail,trail,
215,1.0,9,8,0.1111111111111111,9,1,htorn,north,thorn,thorn,thorn,thorn,thorn,thorn,thorn,north,thorn,
216,0.5555555555555556,5,4,0.5555555555555556,9,5,oxpetr,export,export,export,expert,export,Oxpeter,toxper,export,export,tropex,
217,1.0,9,0,1.0,9,9,lelt,tell,tell,tell,tell,tell,tell,tell,tell,tell,tell,
218,0.8888888888888888,8,1,0.8888888888888888,9,8,iebozm,zombie,zombie,zombie,zombie,zombie,emovia,zombie,zombie,zombie,zombie,
219,0.8888888888888888,8,1,0.8888888888888888,9,8,rerntu,return,return,return,return,return,return,nurter,return,return,return,
220,0.8888888888888888,8,1,0.8888888888888888,9,8,ecipe,piece,piece,piece,epice,piece,piece,piece,piece,piece,piece,
221,1.0,9,2,0.7777777777777778,9,7,rteta,treat,treat,treat,treat,treat,treat,tarte,tarte,treat,treat,
222,1.0,9,0,1.0,9,9,ypatr,party,party,party,party,party,party,party,party,party,party,
223,1.0,9,1,0.8888888888888888,9,8,llwyeo,yellow,yellow,yellow,yellow,yellow,Yellow,yellow,yellow,yellow,yellow,
224,0.7777777777777778,7,5,0.4444444444444444,9,4,eahtr,heart,reath,earth,earth,heart,eathr,heart,earth,heart,heart,
225,0.7777777777777778,7,2,0.7777777777777778,9,7,odrpu,proud,proud,proud,drop,proud,prudo,proud,proud,proud,proud,
226,0.5555555555555556,5,4,0.5555555555555556,9,5,shxti,sixth,sixth,sixth,shixt,sixth,shixi,sixth,sixth,shtix,shixt,
227,0.8888888888888888,8,1,0.8888888888888888,9,8,otmnh,month,month,month,month,month,other,month,month,month,month,
228,0.8888888888888888,8,8,0.1111111111111111,9,1,ghnti,thing,night,night,night,night,Ghnat,night,night,thing,night,
229,0.7777777777777778,7,2,0.7777777777777778,9,7,eljgug,juggle,juggle,juggle,gulge,juggle,judgle,juggle,juggle,juggle,juggle,
230,1.0,9,2,0.7777777777777778,9,7,sace,case,case,case,aces,case,case,case,case,aces,case,
231,0.7777777777777778,7,2,0.7777777777777778,9,7,onreag,orange,orange,orange,orange,orange,ranue,oregan,orange,orange,orange,
232,0.7777777777777778,7,2,0.7777777777777778,9,7,nwrche,wrench,wrench,wrench,rwench,wrench,Neche,wrench,wrench,wrench,wrench,
233,0.8888888888888888,8,1,0.8888888888888888,9,8,retmka,market,market,market,market,market,maker,market,market,market,market,
234,1.0,9,6,0.3333333333333333,9,3,reac,care,care,race,race,care,crea,acre,race,acre,care,
235,0.8888888888888888,8,2,0.7777777777777778,9,7,dheta,death,death,death,hated,death,data,death,death,death,death,
236,0.5555555555555556,5,4,0.5555555555555556,9,5,enurgt,urgent,tregun,urgent,urgent,urgent,nuget,gretun,urgent,urgent,grunte,
237,0.7777777777777778,7,3,0.6666666666666666,9,6,alshl,shall,shall,shall,shall,shall,Shell,slash,halls,shall,shall,
238,0.7777777777777778,7,2,0.7777777777777778,9,7,ddceea,decade,decade,decade,decead,decade,deed,decade,decade,decade,decade,
239,0.5555555555555556,5,5,0.4444444444444444,9,4,ifon,info,fion,info,fion,info,Info,fion,info,info,onfi,
240,0.7777777777777778,7,2,0.7777777777777778,9,7,mhoe,home,home,home,home,homr,more,home,home,home,home,
241,0.6666666666666666,6,4,0.5555555555555556,9,5,lmsiep,simple,impels,simple,simple,simple,Mistep,simple,impis,simple,plimes,
242,0.8888888888888888,8,1,0.8888888888888888,9,8,orad,road,road,road,road,road,doar,road,road,road,road,
243,0.6666666666666666,6,3,0.6666666666666666,9,6,eeagul,league,league,league,leauge,league,gulle,league,league,league,lauege,
244,0.8888888888888888,8,1,0.8888888888888888,9,8,roezfn,frozen,frozen,frozen,frozen,frozen,razor,frozen,frozen,frozen,frozen,
245,1.0,9,0,1.0,9,9,estt,test,test,test,test,test,test,test,test,test,test,
246,0.7777777777777778,7,2,0.7777777777777778,9,7,gspsoi,gossip,gossip,gossip,gossip,gossip,Posigs,gosip,gossip,gossip,gossip,
247,0.5555555555555556,5,4,0.5555555555555556,9,5,apictm,impact,mantic,impact,captim,impact,picture,maptic,impact,impact,impact,
248,0.5555555555555556,5,4,0.5555555555555556,9,5,othrs,short,short,short,sorth,short,others,roths,short,short,sroth,
249,0.7777777777777778,7,2,0.7777777777777778,9,7,matoun,amount,amount,amount,mountain,amount,Matron,amount,amount,amount,amount,
250,0.6666666666666666,6,3,0.6666666666666666,9,6,eurt,true,true,true,rute,rute,treu,true,true,true,true,
251,0.8888888888888888,8,5,0.4444444444444444,9,4,patten,patent,patent,patten,patten,patent,patten,patent,patent,pentat,patten,
252,0.8888888888888888,8,1,0.8888888888888888,9,8,arnrwo,narrow,narrow,narrow,narrow,narrow,anthro,narrow,narrow,narrow,narrow,
253,0.8888888888888888,8,2,0.7777777777777778,9,7,mtos,most,most,most,most,smot,Most,most,most,most,most,
254,0.5,5,5,0.5,10,5,ontesh,honest,shento,honest,honest,honest,session,nestho,honest,honest,noshet,
255,0.7777777777777778,7,5,0.4444444444444444,9,4,utcoh,touch,touch,couth,touch,couth,cloth,coutch,touch,couth,touch,
256,0.7777777777777778,7,2,0.7777777777777778,9,7,npal,plan,plan,plan,panl,plan,napal,plan,plan,plan,plan,
257,0.8888888888888888,8,1,0.8888888888888888,9,8,opcy,copy,copy,copy,copy,copy,copy,copy,copy,copy,cpy,
258,0.8888888888888888,8,9,0.0,9,0,erhte,three,there,there,erthe,there,there,there,there,there,there,
259,0.8888888888888888,8,2,0.7777777777777778,9,7,ydikne,kidney,kidney,dinkey,kidney,kidney,klydike,kidney,kidney,kidney,kidney,
260,1.0,9,2,0.7777777777777778,9,7,iwve,view,wive,wive,view,view,view,view,view,view,view,
261,1.0,9,0,1.0,9,9,owsh,show,show,show,show,show,show,show,show,show,show,
262,1.0,9,0,1.0,9,9,ieda,idea,idea,idea,idea,idea,idea,idea,idea,idea,idea,
263,0.8888888888888888,8,1,0.8888888888888888,9,8,ekew,week,week,week,week,week,Skew,week,week,week,week,
264,1.0,9,0,1.0,9,9,yodb,body,body,body,body,body,body,body,body,body,body,
265,0.8888888888888888,8,4,0.5555555555555556,9,5,stei,site,site,site,ties,site,teis,ties,site,site,ties,
266,0.8888888888888888,8,1,0.8888888888888888,9,8,dahn,hand,hand,hand,hand,hand,dawn,hand,hand,hand,hand,
267,1.0,9,0,1.0,9,9,itaw,wait,wait,wait,wait,wait,wait,wait,wait,wait,wait,
268,0.7777777777777778,7,4,0.5555555555555556,9,5,stiesu,tissue,suites,suite,tissue,tissue,tiessu,tissue,tissue,tissue,suites,
269,0.8888888888888888,8,1,0.8888888888888888,9,8,nilfa,final,final,final,final,final,Filan,final,final,final,final,
270,0.7777777777777778,7,2,0.7777777777777778,9,7,arint,train,train,train,raint,train,trint,train,train,train,train,
271,0.8571428571428571,6,1,0.8571428571428571,7,6,yttnko,knotty,knotty,knotty,knotty,knotty,knotty,knotty,kontty,,,
272,0.625,5,3,0.625,8,5,lndsai,island,island,danils,island,,island,island,island,indias,,
273,0.8571428571428571,6,1,0.8571428571428571,7,6,twhac,watch,watch,watch,whact,watch,watch,watch,watch,,,
274,1.0,7,2,0.7142857142857143,7,5,tsli,list,list,silt,slit,list,list,list,list,,,
275,0.875,7,3,0.625,8,5,hself,shelf,shelf,flesh,shelf,,shelf,flesh,shelf,shelf,,
276,0.8571428571428571,6,1,0.8571428571428571,7,6,yngou,young,gouny,young,young,young,young,young,young,,,
277,1.0,7,0,1.0,7,7,msis,miss,miss,miss,miss,miss,miss,miss,miss,,,
278,0.875,7,1,0.875,8,7,ellyav,valley,valley,valley,valley,,valley,valley,valley,valley,,
279,0.875,7,4,0.5,8,4,wtroh,worth,throw,throw,worth,,worth,worth,worth,throw,,
280,0.5714285714285714,4,3,0.5714285714285714,7,4,dpaeut,update,update,tauped,update,tauped,update,update,peanut,,,
281,0.7142857142857143,5,3,0.5714285714285714,7,4,enowrd,wonder,wonder,redown,renowed,wonder,wonder,downer,wonder,,,
282,1.0,7,7,0.0,7,0,esur,user,sure,sure,sure,sure,sure,sure,sure,,,
283,1.0,7,0,1.0,7,7,shif,fish,fish,fish,fish,fish,fish,fish,fish,,,
284,1.0,7,0,1.0,7,7,rcad,card,card,card,card,card,card,card,card,,,
285,0.8571428571428571,6,1,0.8571428571428571,7,6,wnmeo,women,women,women,women,women,women,women,neumo,,,
286,0.8571428571428571,6,1,0.8571428571428571,7,6,piarll,pillar,pillar,pillar,pillar,pillar,pillar,pillar,arllip,,,
287,1.0,7,5,0.2857142857142857,7,2,edal,lead,deal,lead,lead,deal,deal,deal,lade,,,
288,0.7142857142857143,5,2,0.7142857142857143,7,5,aedgma,damage,gamed,agedma,damage,damage,damage,damage,damage,,,
289,1.0,7,2,0.7142857142857143,7,5,rfom,form,form,form,from,form,from,form,form,,,
290,0.5,4,4,0.5,8,4,qruuom,quorum,quroum,uruqom,quorum,,quorum,quorum,quorum,quuorm,,
291,0.5714285714285714,4,3,0.5714285714285714,7,4,rcanhb,branch,charbn,chranb,branch,branch,branch,branch,carnbh,,,
292,0.8571428571428571,6,1,0.8571428571428571,7,6,oevci,voice,covie,voice,voice,voice,voice,voice,voice,,,
293,1.0,7,0,1.0,7,7,olkcc,clock,clock,clock,clock,clock,clock,clock,clock,,,
294,0.875,7,3,0.625,8,5,elas,sale,sale,,seal,sale,sale,seal,sale,sale,,
295,0.7142857142857143,5,2,0.7142857142857143,7,5,lenion,online,online,linen,online,online,online,online,leonin,,,
296,1.0,7,0,1.0,7,7,aybb,baby,baby,baby,baby,baby,baby,baby,baby,,,
297,1.0,7,0,1.0,7,7,ssma,mass,mass,mass,mass,mass,mass,mass,mass,,,
298,0.7142857142857143,5,2,0.7142857142857143,7,5,nrlaom,normal,normal,marlon,normal,normal,normal,normal,narlom,,,
299,1.0,7,4,0.42857142857142855,7,3,waets,waste,sweat,sweat,sweat,waste,waste,waste,sweat,,,
300,1.0,7,6,0.14285714285714285,7,1,gowrn,wrong,grown,grown,grown,wrong,grown,grown,grown,,,
301,0.8571428571428571,6,3,0.5714285714285714,7,4,otinpo,option,option,option,option,potion,option,potion,pointo,,,
302,0.7142857142857143,5,2,0.7142857142857143,7,5,oveid,video,voide,doive,video,video,video,video,video,,,
303,1.0,7,0,1.0,7,7,labl,ball,ball,ball,ball,ball,ball,ball,ball,,,
304,0.2857142857142857,2,5,0.2857142857142857,7,2,huotys,youths,shouty,shouty,youths,shouty,youths,shouty,shouty,,,
305,1.0,7,6,0.14285714285714285,7,1,pisl,slip,lisp,lips,lips,lisp,lips,slip,lisp,,,
306,0.7142857142857143,5,2,0.7142857142857143,7,5,lbcu,club,bulc,bulc,club,club,club,club,club,,,
307,1.0,7,0,1.0,7,7,auvel,value,value,value,value,value,value,value,value,,,
308,0.7142857142857143,5,2,0.7142857142857143,7,5,ogetun,tongue,tongue,tongue,tongue,tounge,tongue,engout,tongue,,,
309,1.0,7,0,1.0,7,7,asdn,sand,sand,sand,sand,sand,sand,sand,sand,,,
310,0.8571428571428571,6,1,0.8571428571428571,7,6,iitsv,visit,visit,visit,vist,visit,visit,visit,visit,,,
311,1.0,7,0,1.0,7,7,erwso,worse,worse,worse,worse,worse,worse,worse,worse,,,
312,0.8571428571428571,6,1,0.8571428571428571,7,6,rauesq,square,square,square,square,square,square,square,quaser,,,
313,1.0,7,0,1.0,7,7,rtewa,water,water,water,water,water,water,water,water,,,
314,0.8571428571428571,6,2,0.7142857142857143,7,5,truts,trust,truts,trust,trust,trust,trust,strut,trust,,,
315,0.875,7,1,0.875,8,7,iwrte,write,,write,write,write,write,write,write,write,,
316,1.0,7,2,0.7142857142857143,7,5,etps,step,step,step,pets,step,step,pest,step,,,
317,0.8571428571428571,6,1,0.8571428571428571,7,6,uausl,usual,sualu,usual,usual,usual,usual,usual,usual,,,
318,1.0,7,5,0.2857142857142857,7,2,kins,sink,sink,sink,skin,skin,skin,skin,skin,,,
319,1.0,7,0,1.0,7,7,tcwie,twice,twice,twice,twice,twice,twice,twice,twice,,,
320,1.0,7,1,0.8571428571428571,7,6,rtuht,truth,thurt,truth,truth,truth,truth,truth,truth,,,
321,0.75,6,2,0.75,8,6,tuyho,youth,thouy,youth,youth,,youth,youth,youth,youth,,
322,0.7142857142857143,5,2,0.7142857142857143,7,5,ehicoc,choice,choice,choice,cochie,choice,choice,choice,cochie,,,
323,0.5714285714285714,4,3,0.5714285714285714,7,4,ituln,until,nuilt,tiuln,until,until,until,until,tinul,,,
324,0.8571428571428571,6,1,0.8571428571428571,7,6,zigagz,zigzag,zigzag,ziqzag,zigzag,zigzag,zigzag,zigzag,zigzag,,,
325,0.8571428571428571,6,1,0.8571428571428571,7,6,ilmk,milk,limk,milk,milk,milk,milk,milk,milk,,,
326,1.0,7,3,0.5714285714285714,7,4,srki,risk,kris,irks,risk,risk,kris,risk,risk,,,
327,0.7142857142857143,5,2,0.7142857142857143,7,5,hiwel,while,whiel,while,while,while,while,while,wielh,,,
328,1.0,7,2,0.7142857142857143,7,5,asps,pass,pass,pass,saps,pass,pass,pass,saps,,,
329,0.8571428571428571,6,4,0.42857142857142855,7,3,oact,coat,taco,coa,coat,taco,coat,taco,coat,,,
330,1.0,7,4,0.42857142857142855,7,3,ecepir,recipe,recipe,recipe,pierce,pierce,recipe,pierce,pierce,,,
331,0.5714285714285714,4,3,0.5714285714285714,7,4,gtreat,target,target,greatt,greatt,target,target,target,greatt,,,
332,1.0,7,1,0.8571428571428571,7,6,vleo,love,love,love,love,love,love,love,vole,,,
333,0.7142857142857143,5,2,0.7142857142857143,7,5,aebs,base,baser,base,base,base,base,base,seab,,,
334,1.0,7,0,1.0,7,7,memidu,medium,medium,medium,medium,medium,medium,medium,medium,,,
335,0.7142857142857143,5,2,0.7142857142857143,7,5,eltlit,little,little,littl,title,little,little,little,little,,,
336,0.8571428571428571,6,3,0.5714285714285714,7,4,eert,tree,reet,teer,tree,tree,tree,tert,tree,,,
337,1.0,7,0,1.0,7,7,lpaep,apple,apple,apple,apple,apple,apple,apple,apple,,,
338,1.0,7,0,1.0,7,7,eowhl,whole,whole,whole,whole,whole,whole,whole,whole,,,
339,0.8571428571428571,6,1,0.8571428571428571,7,6,foluyj,joyful,joyful,joyful,joyful,joyful,joyful,joyful,jolyfu,,,
340,0.7142857142857143,5,2,0.7142857142857143,7,5,laolgb,global,global,bollag,global,lablog,global,global,global,,,
341,1.0,7,0,1.0,7,7,azjz,jazz,jazz,jazz,jazz,jazz,jazz,jazz,jazz,,,
342,1.0,7,2,0.7142857142857143,7,5,buel,blue,blue,lube,blue,lube,blue,blue,blue,,,
343,1.0,7,0,1.0,7,7,rcea,race,race,race,race,race,race,race,race,,,
344,0.8571428571428571,6,1,0.8571428571428571,7,6,rwoyr,worry,worry,rowry,worry,worry,worry,worry,worry,,,
345,0.625,5,3,0.625,8,5,oecxti,exotic,exotic,exotic,,exotic,exotic,exotic,excite,excito,,
346,0.75,6,2,0.75,8,6,admrei,admire,admeri,admire,admire,,admire,admire,admire,admire,,
347,0.7142857142857143,5,2,0.7142857142857143,7,5,omnaw,woman,woman,monaw,woman,woman,woman,woman,manow,,,
348,0.8571428571428571,6,2,0.7142857142857143,7,5,eunrd,under,under,runed,under,under,under,under,drune,,,
349,0.2857142857142857,2,5,0.2857142857142857,7,2,roeich,heroic,richeo,choire,choire,heroic,heroic,cherio,choier,,,
350,1.0,7,0,1.0,7,7,lilb,bill,bill,bill,bill,bill,bill,bill,bill,,,
351,0.75,6,2,0.75,8,6,rhaic,chair,chai,chair,chair,,chair,chair,chair,chair,,
352,1.0,7,0,1.0,7,7,bnda,band,band,band,band,band,band,band,band,,,
353,0.7142857142857143,5,2,0.7142857142857143,7,5,pseong,sponge,sponge,pesong,sponge,sponge,sponge,sponge,pesong,,,
354,0.7142857142857143,5,2,0.7142857142857143,7,5,rcinpe,prince,recipen,cripen,prince,prince,prince,prince,prince,,,
355,0.8571428571428571,6,1,0.8571428571428571,7,6,ymafli,family,flaimuy,family,family,family,family,family,family,,,
356,0.7142857142857143,5,3,0.5714285714285714,7,4,wieht,white,theiw,white,white,withe,white,white,weiht,,,
357,1.0,7,4,0.42857142857142855,7,3,ryma,army,mary,mary,mary,army,army,army,mary,,,
358,0.5714285714285714,4,3,0.5714285714285714,7,4,lodwr,world,wo,drowl,world,world,world,drowl,world,,,
359,0.8571428571428571,6,1,0.8571428571428571,7,6,acpm,camp,camp,mapc,camp,camp,camp,camp,camp,,,
360,0.8571428571428571,6,1,0.8571428571428571,7,6,iqnuue,unique,quenui,unique,unique,unique,unique,unique,unique,,,
