response1,response2,response3,response4,response5,response6,response7,response8,response9,response10,id
about,,,,about,about,,,,,
yellow,yellow,yellow,,yellow,yellow,,,,,
still,still,,,still,still,,,,,
rove,rove,,rove,over,over,,,,,
learn,learn,learn,,learn,learn,,,,,
silver,silver,,,silver,livers,,,,,
abroad,,,,abroad,,,,,,
also,laos,,,,also,,,,,
there,three,three,there,three,there,,,,,
their,their,,their,,their,,,,,
when,when,when,when,when,when,,,,,
jungle,jungle,,,,jungle,,,,,
very,very,very,very,very,very,,,,,
plant,plant,,plant,plant,plant,,,,,
thing,thing,,night,night,thing,,,,,
useful,useful,useful,,useful,useful,,,,,
health,health,,,health,health,,,,,
lager,large,,lager,large,large,,,,,
time,time,mite,time,time,time,,,,,
place,place,,,place,place,,,,,
effect,,,,effect,effect,,,,,
object,object,object,,object,object,,,,,
some,some,some,some,some,some,,,,,
again,again,,,again,again,,,,,
wealth,wealth,,,wealth,wealth,,,,,
rested,desert,,,desert,desert,,,,,
action,,,,action,action,,,,,
three,three,,there,three,there,,,,,
know,know,know,wonk,know,know,,,,,
circle,,circle,,circle,circle,,,,,
think,think,,think,think,think,,,,,
change,change,,,change,change,,,,,
every,every,every,every,every,every,,,,,
house,house,house,,house,house,,,,,
give,give,,give,give,give,,,,,
from,form,form,form,from,form,,,,,
point,piton,point,,point,point,,,,,
could,cloud,,,cloud,cloud,,,,,
people,people,people,,people,people,,,,,
what,what,what,what,what,what,,,,,
into,,into,tino,into,oint,,,,,
flight,flight,,flight,flight,,,,,,
more,rome,more,rome,rome,more,,,,,
study,study,,dusty,study,study,,,,,
that,that,that,that,that,that,,,,,
have,have,have,have,have,have,,,,,
other,throe,,,,other,,,,,
sound,sound,sound,,sound,sound,,,,,
want,want,want,want,want,want,,,,,
with,with,with,whit,with,with,,,,,
these,these,sheet,sheet,sheet,sheet,,,,,
back,back,,back,back,back,,,,,
they,they,they,they,they,they,,,,,
quartz,quartz,,,quartz,quartz,,,,,
vacuum,vacuum,vacuum,,vacuum,vacuum,,,,,
will,will,will,will,will,will,,,,,
spell,spell,,,spell,spell,,,,,
after,,,,after,after,,,,,
then,then,then,then,then,then,,,,,
nature,nature,,,nature,nature,,,,,
above,above,above,,,above,,,,,
method,method,,,method,method,,,,,
your,your,your,your,your,your,,,,,
hits,this,shit,shit,shit,shit,,,,,
island,island,island,island,island,island,,,,,
them,them,,them,them,them,,,,,
small,small,,small,small,,,,,,
first,first,,rifts,first,first,,,,,
girth,girth,,right,right,girth,,,,,
energy,energy,,,energy,energy,,,,,
much,chum,,chum,much,much,,,,,
found,fondu,,,found,found,,,,,
elbow,bowel,,,below,below,,,,,
breeze,breeze,,,beezer,breeze,,,,,
damage,damage,,damage,damage,damage,,,,,
travel,travel,,travel,travel,,,,,,
beauty,beauty,,,beauty,beauty,,,,,
liquid,liquid,,liquid,liquid,liquid,,,,,
record,record,,,record,corder,,,,,
,kernel,,,kernel,kernel,,,,,
growth,growth,,,growth,growth,,,,,
take,take,take,take,take,take,,,,,
most,most,toms,most,most,most,,,,,
text,text,text,text,text,text,,,,,
like,like,like,like,like,like,,,,,
zephyr,zephyr,,,,zephyr,,,,,
great,great,great,great,great,grate,,,,,
than,than,than,than,than,,,,,,
nerve,never,,nerve,never,never,,,,,
down,down,,,down,down,,,,,
find,find,find,find,find,find,,,,,
premie,empire,empire,,,,,,,,
afford,afford,afford,,,afford,,,,,
mirror,mirror,mirror,mirror,mirror,mirror,,,,,
yearly,yearly,yearly,,yearly,,,,,,
write,,write,write,write,write,,,,,
young,young,young,,young,young,,,,,
light,light,light,light,light,,,,,,
wallet,wallet,wallet,,,wallet,,,,,
harbor,harbor,harbor,harbor,harbor,harbor,,,,,
,charge,charge,,,charge,,,,,
even,even,even,even,even,even,,,,,
office,office,office,office,,office,,,,,
sight,sight,sight,,sight,,,,,,
father,,father,,father,,,,,,
face,cafe,face,face,face,face,,,,,
veil,live,live,live,evil,,,,,,
might,might,might,,might,might,,,,,
line,line,line,line,line,lien,,,,,
call,call,call,call,call,,,,,,
love,love,love,love,love,love,,,,,
while,while,while,while,while,,,,,,
help,help,help,help,help,help,,,,,
would,would,would,,would,would,,,,,
start,start,start,tarts,start,start,,,,,
danger,danger,grande,,danger,danger,,,,,
white,white,white,white,white,white,,,,,
left,felt,felt,felt,felt,felt,,,,,
which,which,which,which,which,which,,,,,
super,purse,purse,super,super,super,,,,,
move,move,move,move,move,move,,,,,
,turn,runt,turn,turn,runt,,,,,
vision,vision,vision,vision,vision,vision,,,,,
seem,seem,seem,seem,seem,seem,,,,,
sweet,sweet,sweet,,sweet,,,,,,
away,away,away,away,away,away,,,,,
talk,talk,talk,talk,talk,talk,,,,,
where,where,where,where,where,where,,,,,
injury,injury,injury,injury,injury,injury,,,,,
quick,quick,quick,quick,quick,quick,,,,,
,spirit,spirit,,spirit,,,,,,
gape,gape,page,page,gape,gape,,,,,
play,play,play,,play,play,,,,,
,jacket,jacket,,,jacket,,,,,
stop,post,stop,stop,stop,stop,,,,,
,,xenial,,,,,,,,
flee,feel,flee,feel,feel,feel,,,,,
,needle,needle,needle,needle,lendee,,,,,
import,import,import,,import,,,,,,
,update,update,,update,,,,,,
fossil,fossil,fossil,,fossil,fossil,,,,,
trap,part,part,part,trap,part,,,,,
garden,,danger,,garden,grande,,,,,
green,genre,genre,,reneg,green,,,,,
,clear,clear,,clear,,,,,,
killer,killer,killer,,,,,,,,
story,story,story,story,story,story,,,,,
peek,peek,keep,keep,peek,keep,,,,,
quiver,quiver,quiver,,quiver,,,,,,
city,city,city,city,city,city,,,,,
brown,brown,brown,brown,brown,brown,,,,,
zodiac,zodiac,zodiac,,zodiac,zodiac,,,,,
quite,quiet,quiet,quite,quiet,quiet,,,,,
hard,hard,hard,hard,hard,hard,,,,,
quiet,quiet,quiet,quiet,quiet,quiet,,,,,
come,come,come,come,come,come,,,,,
under,under,under,,under,,,,,,
temple,temple,temple,,temple,temple,,,,,
sure,ruse,sure,sure,user,ruse,,,,,
guitar,guitar,guitar,,guitar,,,,,,
pencil,pencil,pencil,,,,,,,,
plus,plus,plus,plus,plus,,,,,,
those,those,those,those,,,,,,,
stay,stay,stay,stay,stay,stay,,,,,
branch,branch,branch,,branch,,,,,,
laptop,laptop,laptop,laptop,laptop,,,,,,
read,read,read,dear,read,dare,,,,,
right,right,right,right,right,right,,,,,
stand,stand,stand,,stand,,,,,,
need,need,need,need,need,need,,,,,
night,night,night,night,night,night,,,,,
hammer,hammer,hammer,,hammer,hammer,,,,,
black,black,black,,black,black,,,,,
water,water,water,,water,water,,,,,
taste,taste,taste,,taste,taste,,,,,
work,work,work,work,work,work,,,,,
next,next,next,next,next,next,,,,,
world,world,world,,world,world,,,,,
angry,,angry,,angry,,,,,,
reason,reason,reason,reason,reason,reason,,,,,
many,many,many,many,,many,many,many,,,
hare,hear,hear,hare,hear,hear,hear,hear,hear,,
violet,violet,violet,violet,violet,violet,violet,violet,violet,,
their,their,,,,their,,their,rithe,,
beacon,beacon,,beacon,,beacon,beacon,beacon,,,
quaint,quaint,quaint,quaint,,quaint,quaint,quaint,quaint,,
life,life,file,life,fiel,file,life,life,life,,
bale,able,able,bale,beal,bale,able,able,able,,
peace,peace,peace,peace,,peace,peace,peace,peace,,
seven,evens,seven,seven,seven,seven,,seven,seven,,
kitten,kitten,,kitten,,kitten,kitten,kitten,,,
best,best,best,best,best,best,best,best,best,,
thank,thank,,thank,thank,thank,thank,thank,thank,,
magnet,magnet,magnet,magnet,magnet,magnet,magnet,magnet,magnet,,
,,,heart,heart,heart,earth,heart,heart,,
cost,cost,cost,scot,,cost,cost,cost,cost,,
fresh,fresh,fresh,fresh,fresh,fresh,fresh,fresh,fresh,,
legend,legend,legend,legend,,legend,,legend,,,
sense,sense,sense,sense,,sense,,sense,sense,,
birth,birth,birth,birth,,birth,birth,birth,birth,,
tone,tone,tone,tone,tone,note,note,tone,note,,
last,last,salt,last,last,last,last,salt,last,,
,game,,,,game,game,game,game,,
today,today,today,today,,today,today,today,today,,
hope,hope,hope,hope,,hope,hope,hope,hope,,
third,,,third,,third,third,third,third,,
junior,junior,junior,junior,,junior,junior,junior,,,
think,think,think,think,think,think,think,think,think,,
team,team,tema,team,team,mate,team,meta,tame,,
candle,,candle,candle,,candle,candle,candle,candle,,
since,since,,since,,,since,since,,,
total,total,total,total,,total,total,total,total,,
,novice,,novice,,novice,novice,novice,novice,,
trial,trail,,trail,,trial,trial,trail,trail,,
thorn,thorn,thorn,thorn,thorn,thorn,thorn,north,thorn,,
export,export,,export,,,export,export,,,
tell,tell,tell,tell,tell,tell,tell,tell,tell,,
zombie,zombie,zombie,zombie,,zombie,zombie,zombie,zombie,,
return,return,return,return,return,,return,return,return,,
piece,piece,,piece,piece,piece,piece,piece,piece,,
treat,treat,treat,treat,treat,tarte,tarte,treat,treat,,
party,party,party,party,party,party,party,party,party,,
yellow,yellow,yellow,yellow,yellow,yellow,yellow,yellow,yellow,,
,earth,earth,heart,,heart,earth,heart,heart,,
proud,proud,,proud,,proud,proud,proud,proud,,
sixth,sixth,,sixth,,sixth,sixth,,,,
month,month,month,month,,month,month,month,month,,
night,night,night,night,,night,night,thing,night,,
juggle,juggle,,juggle,,juggle,juggle,juggle,juggle,,
case,case,aces,case,case,case,case,aces,case,,
orange,orange,orange,orange,,,orange,orange,orange,,
wrench,wrench,,wrench,,wrench,wrench,wrench,wrench,,
market,market,market,market,,market,market,market,market,,
care,race,race,care,crea,acre,race,acre,care,,
death,death,hated,death,,death,death,death,death,,
,urgent,urgent,urgent,,,urgent,urgent,,,
shall,shall,shall,shall,,,halls,shall,shall,,
decade,decade,,decade,,decade,decade,decade,decade,,
,info,,info,info,,info,info,,,
home,home,home,,,home,home,home,home,,
impels,simple,simple,simple,,simple,,simple,,,
road,road,road,road,,road,road,road,road,,
league,league,,league,,league,league,league,,,
frozen,frozen,frozen,frozen,,frozen,frozen,frozen,frozen,,
test,test,test,test,test,test,test,test,test,,
gossip,gossip,gossip,gossip,,,gossip,gossip,gossip,,
,impact,,impact,,,impact,impact,impact,,
short,short,,short,,,short,short,,,
amount,amount,,amount,,amount,amount,amount,amount,,
true,true,,,,true,true,true,true,,
patent,patten,patten,patent,patten,patent,patent,,patten,,
narrow,narrow,narrow,narrow,,narrow,narrow,narrow,narrow,,
most,most,most,,most,most,most,most,most,,
,honest,honest,honest,,,honest,honest,,,
touch,couth,touch,couth,,,touch,couth,touch,,
plan,plan,,plan,,plan,plan,plan,plan,,
copy,copy,copy,copy,copy,copy,copy,copy,,,
there,there,,there,there,there,there,there,there,,
kidney,dinkey,kidney,kidney,,kidney,kidney,kidney,kidney,,
wive,wive,view,view,view,view,view,view,view,,
show,show,show,show,show,show,show,show,show,,
idea,idea,idea,idea,idea,idea,idea,idea,idea,,
week,week,week,week,,week,week,week,week,,
body,body,body,body,body,body,body,body,body,,
site,site,ties,site,,ties,site,site,ties,,
hand,hand,hand,hand,,hand,hand,hand,hand,,
wait,wait,wait,wait,wait,wait,wait,wait,wait,,
suites,,tissue,tissue,,tissue,tissue,tissue,suites,,
final,final,final,final,,final,final,final,final,,
train,train,,train,,train,train,train,train,,
knotty,knotty,knotty,knotty,knotty,knotty,,,,,
island,,island,,island,island,island,,,,
watch,watch,,watch,watch,watch,watch,,,,
list,silt,slit,list,list,list,list,,,,
shelf,flesh,shelf,,shelf,flesh,shelf,shelf,,,
,young,young,young,young,young,young,,,,
miss,miss,miss,miss,miss,miss,miss,,,,
valley,valley,valley,,valley,valley,valley,valley,,,
throw,throw,worth,,worth,worth,worth,throw,,,
update,,update,,update,update,,,,,
wonder,,,wonder,wonder,downer,wonder,,,,
sure,sure,sure,sure,sure,sure,sure,,,,
fish,fish,fish,fish,fish,fish,fish,,,,
card,card,card,card,card,card,card,,,,
women,women,women,women,women,women,,,,,
pillar,pillar,pillar,pillar,pillar,pillar,,,,,
deal,lead,lead,deal,deal,deal,lade,,,,
,,damage,damage,damage,damage,damage,,,,
form,form,from,form,from,form,form,,,,
,,quorum,,quorum,quorum,quorum,,,,
,,branch,branch,branch,branch,,,,,
,voice,voice,voice,voice,voice,voice,,,,
clock,clock,clock,clock,clock,clock,clock,,,,
sale,,seal,sale,sale,seal,sale,sale,,,
online,,online,online,online,online,,,,,
baby,baby,baby,baby,baby,baby,baby,,,,
mass,mass,mass,mass,mass,mass,mass,,,,
normal,,normal,normal,normal,normal,,,,,
sweat,sweat,sweat,waste,waste,waste,sweat,,,,
grown,grown,grown,wrong,grown,grown,grown,,,,
option,option,option,potion,option,potion,,,,,
,,video,video,video,video,video,,,,
ball,ball,ball,ball,ball,ball,ball,,,,
,,youths,,youths,,,,,,
lisp,lips,lips,lisp,lips,slip,lisp,,,,
,,club,club,club,club,club,,,,
value,value,value,value,value,value,value,,,,
tongue,tongue,tongue,,tongue,,tongue,,,,
sand,sand,sand,sand,sand,sand,sand,,,,
visit,visit,,visit,visit,visit,visit,,,,
worse,worse,worse,worse,worse,worse,worse,,,,
square,square,square,square,square,square,,,,,
water,water,water,water,water,water,water,,,,
,trust,trust,trust,trust,strut,trust,,,,
,write,write,write,write,write,write,write,,,
step,step,pets,step,step,pest,step,,,,
,usual,usual,usual,usual,usual,usual,,,,
sink,sink,skin,skin,skin,skin,skin,,,,
twice,twice,twice,twice,twice,twice,twice,,,,
thurt,truth,truth,truth,truth,truth,truth,,,,
,youth,youth,,youth,youth,youth,youth,,,
choice,choice,,choice,choice,choice,,,,,
,,until,until,until,until,,,,,
zigzag,,zigzag,zigzag,zigzag,zigzag,zigzag,,,,
,milk,milk,milk,milk,milk,milk,,,,
kris,irks,risk,risk,kris,risk,risk,,,,
,while,while,while,while,while,,,,,
pass,pass,saps,pass,pass,pass,saps,,,,
taco,,coat,taco,coat,taco,coat,,,,
recipe,recipe,pierce,pierce,recipe,pierce,pierce,,,,
target,,,target,target,target,,,,,
love,love,love,love,love,love,vole,,,,
,base,base,base,base,base,,,,,
medium,medium,medium,medium,medium,medium,medium,,,,
little,,,little,little,little,little,,,,
reet,teer,tree,tree,tree,,tree,,,,
apple,apple,apple,apple,apple,apple,apple,,,,
whole,whole,whole,whole,whole,whole,whole,,,,
joyful,joyful,joyful,joyful,joyful,joyful,,,,,
global,,global,,global,global,global,,,,
jazz,jazz,jazz,jazz,jazz,jazz,jazz,,,,
blue,lube,blue,lube,blue,blue,blue,,,,
race,race,race,race,race,race,race,,,,
worry,,worry,worry,worry,worry,worry,,,,
exotic,exotic,,exotic,exotic,exotic,,,,,
,admire,admire,,admire,admire,admire,admire,,,
woman,,woman,woman,woman,woman,,,,,
under,runed,under,under,under,under,,,,,
,,,heroic,heroic,,,,,,
bill,bill,bill,bill,bill,bill,bill,,,,
,chair,chair,,chair,chair,chair,chair,,,
band,band,band,band,band,band,band,,,,
sponge,,sponge,sponge,sponge,sponge,,,,,
,,prince,prince,prince,prince,prince,,,,
,family,family,family,family,family,family,,,,
,white,white,withe,white,white,,,,,
mary,mary,mary,army,army,army,mary,,,,
,,world,world,world,,world,,,,
camp,,camp,camp,camp,camp,camp,,,,
,unique,unique,unique,unique,unique,unique,,,,
